Learning Rate,Accuracy
1.2,97.25
1.0999999999999999,96.0
0.9999999999999999,95.75
0.8999999999999999,96.0
0.7999999999999999,94.75
0.7,94.75
0.6,93.25
0.5,92.75
0.4,93.25
0.30000000000000004,93.25
0.20000000000000004,93.25
